DMA*01:01-E1-L29-pre--suf-G-suf2-	DMA*01:01	E1	29	29		G		MGHEQNQGAALLQMLPLLWLLPHSWAVPE
DMA*01:01-E2-L94-pre-CT-suf-G-suf2-	DMA*01:01	E2	94	94	CT	G		PTPMWPDDLQNHTFLHTVYCQDGSPSVGLSEAYDEDQLFFFDFSQNTRVPRLPEFADWAQEQGDAPAILFDKEFCEWMIQQIGPKLDGKIPVSR
DMA*01:01-E3-L92-pre-GG-suf-G-suf2-	DMA*01:01	E3	92	92	GG	G		FPIAEVFTLKPLEFGKPNTLVCFVSNLFPPMLTVNWQHHSVPVEGFGPTFVSAVDGLSFQAFSYLNFTPEPSDIFSCIVTHEIDRYTAIAYW
DMA*01:01-E4-L42-pre-TA-suf-G-suf2-	DMA*01:01	E4	42	42	TA	G		PRNALPSDLLENVLCGVAFGLGVLGIIVGIVLIIYFRKPCSG
DMA*01:02-E1-L29-pre--suf-G-suf2-	DMA*01:02	E1	29	29		G		MGHEQNQGAALLQMLPLLWLLPHSWAVPE
DMA*01:02-E2-L94-pre-CT-suf-G-suf2-	DMA*01:02	E2	94	94	CT	G		PTPMWPDDLQNHTFLHTVYCQDGSPSVGLSEAYDEDQLFFFDFSQNTRVPRLPEFADWAQEQGDAPAILFDKEFCEWMIQQIGPKLDGKIPVSR
DMA*01:02-E3-L92-pre-GG-suf-G-suf2-	DMA*01:02	E3	92	92	GG	G		FPIAEVFTLKPLEFGKPNTLVCFVSNLFPPMLTVNWQHHSIPVEGFGPTFVSAVDGLSFQAFSYLNFTPEPSDIFSCIVTHEIDRYTAIAYW
DMA*01:02-E4-L42-pre-TA-suf-G-suf2-	DMA*01:02	E4	42	42	TA	G		PRNALPSDLLENVLCGVAFGLGVLGIIVGIVLIIYFRKPCSG
DMA*01:03-E3-L92-pre-GG-suf-*-suf2-	DMA*01:03	E3	92	92	GG	*		FPIAEVFTLKPLEFGKPNTLVCFVSNLFPPMLTVNWQHHSVPVEGFGPTFVSAVDALSFQAFSYLNFTPEPSDIFSCIVTHEIDHYTAIAYW
DMA*01:04-E3-L92-pre-GG-suf-*-suf2-	DMA*01:04	E3	92	92	GG	*		FPIAEVFTLKPLEFGKPNTLVCFVSNLFPPMLTVNWQHHSIPVEGFGPTFVSAVDGLSFQAFSYLNFTPEPSDIFSCIVTHEIDCYTAIAYW
